road,avgVol
中山橋,0
中正路,34.1744011976048
中華路,39.5928143712575
健康路,23.6197604790419
光復南路,39.5633233532934
內湖路,0
八德路,20.1716566866268
公園路,0
南京東路,40.6616766467066
南京西路,22.0668662674651
和平東路,42.1467065868263
基隆路,62.308763421728
塔悠路,28.9815369261477
寶慶路,0
建國北路,43.1568862275449
忠孝東路,58.1104873586161
愛國東路,19.2035928143713
承德橋,0
承德路,55.5233033932136
杭州南路,24.8962075848303
民族東路,40.0823353293413
民權東路,52.8740643712575
民權西路,93.2372754491018
立賢路,0
羅斯福路,34.4708083832335
至善路,16.6026518391788
興隆路,10.7799401197605
西園路,30.2889221556886
逸仙路,0
